game_title,score,ups,downs
Skate 2,800,800,0
Skate 3,2256,2256,0
Ski-Doo: Snowmobile Challenge,0,0,0
Skylanders: Spyro's Adventure,233,233,0
Skylanders: Giants,118,118,0
Sleeping Dogs,7748,7748,0
Slotter Chou Mania: Antonio Inoki ga Genki ni Suru Pachi-Slot Ki,0,0,0
The Sly Collection,620,620,0
Sly Cooper: Thieves in Time,156,156,0
The Smurfs 2 (Video Game),758,758,0
Sniper Elite V2,281,281,0
Sniper: Ghost Warrior,1667,1667,0
Sniper: Ghost Warrior 2,1665,1665,0
SOCOM 4: U.S. Navy SEALs,0,0,0
SOCOM: U.S. Navy SEALs Confrontation,0,0,0
Soldier of Fortune: Payback,2,2,0
Sonic Generations,1467,1467,0
Sonic & Sega All-Stars Racing,278,278,0
Sonic & All-Stars Racing Transformed,154,154,0
Sonic the Hedgehog,2285,2285,0
Sonic's Ultimate Genesis Collection,158,158,0
Sonic Unleashed,445,445,0
Sorcery,3134,3134,0
Soulcalibur IV,354,354,0
Soulcalibur V,2089,2089,0
Spec Ops: The Line,802,802,0
Spider-Man 3,1324,1324,0
Spider-Man: Edge of Time,5272,5272,0
Spider-Man: Shattered Dimensions,80,80,0
Spider-Man: Web of Shadows,1807,1807,0
Splatterhouse,135,135,0
Split/Second: Velocity,837,837,0
SpongeBob SquarePants: Plankton's Robotic Revenge,0,0,0
SSX,1352,1352,0
Star Ocean: The Last Hope International,317,317,0
Star Ocean: Integrity and Faithlessness,18,18,0
Star Trek (2013 video game),14,14,0
Star Wars: The Clone Wars – Republic Heroes,4439,4439,0
Star Wars: The Force Unleashed,6325,6325,0
Star Wars: The Force Unleashed II,238,238,0
Starhawk,153,153,0
Start the Party,1156,1156,0
Start the Party! Save the World,12346,12346,0
Steins;Gate,5004,5004,0
Steins;Gate: Darling of Loving Vows,3,3,0
Steins;Gate: Linear Bounded Phenogram,15,15,0
Stormrise,0,0,0
Street Fighter IV,6685,6685,0
Street Fighter X Tekken,454,454,0
Street Rod,3610,3610,0
Strider (2014 video game),34,34,0
Stuntman: Ignition,0,0,0
Suigetsu Ni,0,0,0
Summer Stars 2012,1048,1048,0
Summer Challenge: Athletics Tournament,19,19,0
SuperCar Challenge,14534,14534,0
Super Hero Generation,979,979,0
Super Heroine Chronicle,355,355,0
Super Robot Taisen OG Infinite Battle,0,0,0
Super Robot Wars OG: The Moon Dwellers,0,0,0
Super Robot Taisen OG Saga: Masou Kishin F Coffin of The End,0,0,0
Super Robot Taisen OG Saga: Masou Kishin III – Pride of Justice,9,9,0
Super Robot Taisen Original Generations ,1,1,0
Super Robot Taisen Z Jigoku-hen,1,1,0
Super Robot Taisen Z Tengoku-hen,0,0,0
Superstars V8 Racing,0,0,0
Super Street Fighter IV,6314,6314,0
Super Street Fighter IV: Arcade Edition,82,82,0
Supremacy MMA,8,8,0
Surf's Up,987,987,0
Suzumiya Haruhi no Tsuisou,0,0,0
Syberia,258,258,0
Syndicate,2311,2311,0
Tales of Graces ƒ,8366,8366,0
Tales of Symphonia Unisonant Pack,0,0,0
Tales of Vesperia,1182,1182,0
Tales of Xillia,344,344,0
Tales of Xillia 2,339,339,0
Tears to Tiara II: Heir of the Overlord,0,0,0
Teenage Mutant Ninja Turtles: Danger of the Ooze,0,0,0
Teenage Mutant Ninja Turtles: Mutants in Manhattan',12,12,0
Tekken 6,718,718,0
Tekken Hybrid,34,34,0
Tekken Tag Tournament 2,348,348,0
Tenchou no Igo,0,0,0
Terminator Salvation,268,268,0
Test Drive Ferrari Legends,0,0,0
Test Drive Unlimited 2,549,549,0
The Bigs,166,166,0
The Bigs 2,155,155,0
The Bourne Conspiracy,40,40,0
The Bureau: XCOM Declassified,867,867,0
The Chronicles of Narnia: Prince Caspian,53,53,0
The Chronicles of Riddick: Assault on Dark Athena,3,3,0
The Club,496,496,0
The Cursed Crusade,346,346,0
The Darkness,990,990,0
The Darkness II,1602,1602,0
The Idolmaster 2,312,312,0
The Idolmaster One For All,8,8,0
The Last Guy,202,202,0
The Shoot,239,239,0
The Testament of Sherlock Holmes,213,213,0
Thor: God of Thunder,6666,6666,0
Tiger Woods PGA Tour 07,97,97,0
Tiger Woods PGA Tour 08,80,80,0
Tiger Woods PGA Tour 09,109,109,0
Tiger Woods PGA Tour 10,489,489,0
Tiger Woods PGA Tour 11,207,207,0
Tiger Woods PGA Tour 12: The Masters,51,51,0
Tiger Woods PGA Tour 13: The Masters,30,30,0
Tiger Woods PGA Tour 14: The Masters Historic Edition,14,14,0
Time and Eternity,8383,8383,0
Time Crisis 4,4395,4395,0
Time Crisis: Razing Storm,7,7,0
TimeShift,657,657,0
TNA Impact!,155,155,0
Tokyo Jungle,2835,2835,0
Tokyo Twilight Ghost Hunters,70,70,0
To Heart 2 Another Days,1460,1460,0
To Heart 2 DX Plus,314,314,0
Tom Clancy's EndWar,142,142,0
Tom Clancy's Ghost Recon Advanced Warfighter 2,606,606,0
Tom Clancy's Ghost Recon: Future Soldier,45,45,0
Tom Clancy's H.A.W.X,51,51,0
Tom Clancy's H.A.W.X 2,0,0,0
Tom Clancy's Rainbow Six: Vegas,142,142,0
Tom Clancy's Rainbow Six: Vegas 2,136,136,0
Tom Clancy's Splinter Cell: Blacklist,268,268,0
Tom Clancy's Splinter Cell Classic Trilogy HD,97,97,0
Tom Clancy's Splinter Cell: Double Agent,142,142,0
Tomb Raider,542,542,0
Tomb Raider: Underworld,907,907,0
Tony Hawk's Project 8,261,261,0
Tony Hawk's Proving Ground,55,55,0
Tony Hawk: Ride,307,307,0
Tony Hawk: Shred,0,0,0
Top Spin 3,6098,6098,0
Top Spin 4,5976,5976,0
Tornado Outbreak,10306,10306,0
Toro to Morimori,0,0,0
Toy Story 3: The Video Game,39,39,0
Transformers: Dark of the Moon,482,482,0
Transformers: The Game,707,707,0
Transformers: Revenge of the Fallen,205,205,0
Transformers: War for Cybertron,418,418,0
Trinity Universe,884,884,0
Trinity: Souls of Zill O'll,0,0,0
Tron: Evolution,825,825,0
Truck Racer,568,568,0
Tsumiki BLOQ,0,0,0
Turning Point: Fall of Liberty,264,264,0
Turok,1451,1451,0
TV Superstars,1375,1375,0
TV Anime Idolm@ster Cinderella G4U!,0,0,0
Twisted Metal,4635,4635,0
Two Worlds II,2689,2689,0
uDraw GameTablet with uDraw Studio,0,0,0
uDraw Marvel Super Hero Squad: Comic Combat,0,0,0
uDraw Studio: Instant Artist,0,0,0
UEFA Euro 2008,29,29,0
UFC 2009 Undisputed,0,0,0
UFC Undisputed 2010,0,0,0
UFC Personal Trainer: The Ultimate Fitness System,0,0,0
UFC Undisputed 3,15,15,0
Ukiyo no Shishi,0,0,0
Umineko no Naku Koro ni: Majo to Suiri no Rinbukyoku,0,0,0
Umineko no Naku Koro ni San: Shinjitsu to Gensou no Yasoukyoku,0,0,0
Uncharted: Drake's Fortune,312,312,0
Uncharted 2: Among Thieves,211,211,0
Uncharted 3: Drake's Deception,84,84,0
Uncharted Waters Online,283,283,0
Under Defeat HD: Deluxe Edition,0,0,0
Under Night In-Birth Exe:Late,0,0,0
Unreal Tournament 3,2828,2828,0
Untold Legends: Dark Kingdom,164,164,0
Up,119,119,0
Utawarerumono: Futari no Hakuoro,0,0,0
Valkyria Chronicles,570,570,0
Vampire Rain: Altered Species,0,0,0
Vampire Resurrection,471,471,0
Vancouver 2010,166,166,0
Vanquish,1039,1039,0
Venetica,1,1,0
Viking: Battle for Asgard,473,473,0
Virtua Fighter 5,415,415,0
Virtua Tennis 3,293,293,0
Virtua Tennis 4,297,297,0
Virtua Tennis 2009,30,30,0
WALL-E,319,319,0
The Walking Dead,12363,12363,0
The Walking Dead: Survival Instinct,2359,2359,0
Wangan Midnight,185,185,0
Wanted: Weapons of Fate,8278,8278,0
Warhawk,1494,1494,0
Warriors: Legends of Troy,3,3,0
Warriors Orochi Z,435,435,0
Warriors Orochi 3,441,441,0
Watchmen: The End Is Nigh,0,0,0
Way of the Samurai 3,1920,1920,0
Way of the Samurai 4,1922,1922,0
We Dare,4757,4757,0
WET,384,384,0
Wheelman,154,154,0
Where the Wild Things Are,5394,5394,0
White Knight Chronicles,258,258,0
White Knight Chronicles II,210,210,0
Winter Sports 2010: The Great Tournament,0,0,0
Winter Stars,2103,2103,0
Winning Post 7 Maximum 2007,38,38,0
Winning Post 7 Maximum 2008,185,185,0
Winning Post 7 Maximum 2010,231,231,0
Winning Post 7 Maximum 2012,202,202,0
Winning Post 7 Maximum 2013,203,203,0
Winning Post World,7323,7323,0
Winning Post World 2010,15218,15218,0
Winning Post World 8,7356,7356,0
Wipeout HD,96,96,0
Wizardry Perfect Pack,134,134,0
Wolfenstein,4316,4316,0
Wonderbook: Book of Spells,0,0,0
Wonderbook: Diggs Nightcrawler,0,0,0
Wonderbook: Walking With Dinosaurs,0,0,0
World of Outlaws: Sprint Cars,57,57,0
World Series of Poker 2008: Battle for the Bracelets,17,17,0
World Snooker Championship 2007,0,0,0
Worms Collection,227,227,0
WRC: FIA World Rally Championship,254,254,0
WRC 2: FIA World Rally Championship,124,124,0
WRC 3: FIA World Rally Championship,0,0,0
WRC 4: FIA World Rally Championship,120,120,0
WSC Real 08: World Snooker Championship,0,0,0
WSC Real 09: World Snooker Championship,0,0,0
WWE '12,5277,5277,0
WWE '13,4102,4102,0
WWE 2K14,69,69,0
WWE All Stars,2811,2811,0
WWE Legends of WrestleMania,156,156,0
WWE SmackDown vs. Raw 2008,55,55,0
WWE SmackDown vs. Raw 2009,64,64,0
WWE SmackDown vs. Raw 2010,385,385,0
WWE SmackDown vs. Raw 2011,67,67,0
X-Blades,2559,2559,0
X-Men Origins: Wolverine,504,504,0
X-Men: Destiny,749,749,0
XBLAZE Code: Embryo,31,31,0
XBlaze Lost: Memories,3,3,0
XCOM: Enemy Unknown,186,186,0
XCOM: Enemy Within,608,608,0
Yaiba: Ninja Gaiden Z,3,3,0
Yakuza: Dead Souls,191,191,0
Yamasa Digiworld SP Pachislo Sengoku Musou,0,0,0
Yamasa Digiworld SP Pachislo Bounty Killer,0,0,0
Yoostar 2: In the Movies,0,0,0
Yorunonaikuni,0,0,0
You Don't Know Jack,6682,6682,0
Young Justice: Legacy,1109,1109,0
.detuned,252,252,0
1942: Joint Strike,12,12,0
3 on 3 NHL Arcade,208,208,0
3D Ultra Minigolf Adventures 2,0,0,0
4 Elements HD,4499,4499,0
A-Men 2,10015,10015,0
Aabs Animals,62,62,0
Abyss Odyssey,438,438,0
Acceleration of Suguri X Edition,103,103,0
Ace Combat Infinity,239,239,0
After Burner Climax,263,263,0
Age of Booty,4156,4156,0
Akimi Village,0,0,0
Alex Kidd in Miracle World,216,216,0
Alien Breed,2291,2291,0
Alien Breed 2: Assault,532,532,0
Alien Breed 3: Descent,450,450,0
Alien Breed: Impact,142,142,0
Alien Rage,1169,1169,0
Alien Shooter,887,887,0
Alien Spidy,104,104,0
Alien Zombie Mega Death,483,483,0
All Zombies Must Die!,4458,4458,0
Altered Beast,4690,4690,0
American Mensa Academy,20,20,0
AMY,1453,1453,0
Anarchy: Rush Hour,47,47,0
Angel Love Online,17608,17608,0
Anna: Extended Edition,70,70,0
Anomaly: Warzone Earth,117,117,0
Aqua Panic!,125,125,0
Arkedo Series – 001 JUMP!,0,0,0
Arkedo Series – 002 SWAP!,0,0,0
Arkedo Series – 003 PIXEL!,0,0,0
Armageddon Riders,37,37,0
Assassin's Creed: Liberation HD,128,128,0
Assault Heroes,1650,1650,0
Astro Tripper,58,58,0
Atomic Ninjas,1858,1858,0
Auditorium HD,3,3,0
Awesomenauts,517,517,0
Babel Rising,77,77,0
Bang!,588,588,0
Bang Bang Racing,370,370,0
Barnanza,0,0,0
Batman: Arkham Origins Blackgate – Deluxe Edition,32,32,0
Battle of Tiles EX,13,13,0
Battle Tanks,3128,3128,0
Battlefield 1943,174,174,0
Beat Hazard Ultra,158,158,0
Beer Pong!,2771,2771,0
Bejeweled 2,710,710,0
Bellator: MMA Onslaught,0,0,0
Bentley's Hackpack,0,0,0
Beyond Good & Evil HD,246,246,0
Big Sky Infinity,2266,2266,0
Bionic Commando Rearmed,114,114,0
Bionic Commando Rearmed 2,116,116,0
Black Knight Sword,1420,1420,0
Blacklight: Tango Down,36,36,0
Blade Kitten,325,325,0
Blast Factor,6607,6607,0
BlazeRush,609,609,0
Blood Knights,1542,1542,0
BloodRayne: Betrayal,0,0,0
Blue-Collar Astronaut,381,381,0
Blue Toad Murder Files,0,0,0
Bomberman Ultra,72,72,0
Braid,9341,9341,0
BurgerTime World Tour,399,399,0
Burn Zombie Burn,2852,2852,0
Burnout Crash!,541,541,0
Buzz! Junior: Dino Den,0,0,0
Buzz! Junior: Jungle Party,17,17,0
Buzz! Junior: Monster Rumble,0,0,0
Buzz! Junior: Robo Jam,0,0,0
Buzz! Quiz Player,595,595,0
Call of Juarez: Gunslinger,667,667,0
Calling All Cars!,4914,4914,0
Carnivores: Dinosaur Hunter HD,1,1,0
Castle Crashers,28484,28484,0
Castle of Illusion Starring Mickey Mouse,34,34,0
CastleStorm,5250,5250,0
Castlevania: Harmony of Despair,937,937,0
Castlevania: Lords of Shadow – Mirror of Fate HD,182,182,0
CellFactor: Psychokinetic Wars,0,0,0
Championship Sprint,16855,16855,0
Chaos Code,23119,23119,0
Chime Super Deluxe,869,869,0
Choplifter HD,11,11,0
Closure,1206,1206,0
Comix Zone,210,210,0
Command & Conquer: Red Alert 3 – Commander's Challenge,2,2,0
Constant C,181,181,0
Cosmophony,0,0,0
Costume Quest,485,485,0
Counter-Strike: Global Offensive,185,185,0
Crash Commando,699,699,0
Crazy Machines Elements,2016,2016,0
Crazy Taxi,1797,1797,0
Crescent Pale Mist,11,11,0
Critter Crunch,35,35,0
Crystal Defenders,1934,1934,0
Cubixx HD,0,0,0
Daikoukai Jidai Online,0,0,0
Dance Magic,7431,7431,0
DanceStar Digital,3855,3855,0
Dare to Fly!,4688,4688,0
Dark Awake: The King Has No Name,5139,5139,0
Dark Mist,3078,3078,0
Darkstalkers Resurrection (Night Warriors: Darkstalkers' Revenge and Darkstalkers 3),0,0,0
Datura,762,762,0
Days of Thunder: NASCAR Edition,210,210,0
Daytona USA,253,253,0
Dead Block,3128,3128,0
Dead Nation,5016,5016,0
Dead Space Ignition,773,773,0
Deadfall Adventures: Heart of Atlantis,0,0,0
Deadliest Warrior: The Game,6141,6141,0
Death Track: Resurrection,1895,1895,0
Deathmatch Village,0,0,0
DeathSpank,759,759,0
DeathSpank: Thongs of Virtue,29,29,0
Defenders of Ardania,0,0,0
Defense Technica,2,2,0
Demolition Inc.,84,84,0
Derrick the Deathfin,0,0,0
Digger HD,6,6,0
Diner Dash,81,81,0
Do Not Fall,337,337,0
Doc Clock: The Toasted Sandwich of Time,75,75,0
Dogfight 1942,532,532,0
Dollar Dash,12183,12183,0
Don't Starve: Giant Edition,0,0,0
Double Dragon Neon,6955,6955,0
Dragon's Lair,4603,4603,0
Dragon's Lair II: Time Warp,142,142,0
Dream Chronicles,715,715,0
dress,490,490,0
Droplitz,0,0,0
Duke Nukem 3D: Megaton Edition,82,82,0
Dungeon Defenders,416,416,0
Dungeon Hunter: Alliance,2016,2016,0
Dungeon Twister,169,169,0
Dungeons & Dragons: Daggerdale,0,0,0
Dustforce,124,124,0
Dyad,172,172,0
Earthworm Jim HD,24,24,0
Echochrome,128,128,0
Elefunk,0,0,0
Elemental Monster: Online Card Game,0,0,0
Elevator Action Deluxe,0,0,0
Ethan: Meteor Hunter,66,66,0
Eufloria,71,71,0
Everyday Shooter,8931,8931,0
Explodemon,15,15,0
Extreme Exorcism,449,449,0
Faery: Legends of Avalon,48,48,0
Far Cry 3: Blood Dragon,357,357,0
Far Cry Classic,3231,3231,0
Fast Draw Showdown,546,546,0
Fatal Inertia EX,0,0,0
Feeding Frenzy 2: Shipwreck Showdown,0,0,0
Fighting Vipers,2042,2042,0
Final Exam,1262,1262,0
Flashback,950,950,0
Flight Control HD,366,366,0
Flock!,1962,1962,0
Foosball 2012,208,208,0
Forest Legends: The Call of Love,1157,1157,0
Fret Nice,1946,1946,0
Frogger Returns,99,99,0
Frogger: Hyper Arcade Edition,0,0,0
From Dust,2079,2079,0
Frozen Free Fall: Snowball Fight,14,14,0
Frozen Synapse Prime,376,376,0
Fuel Overdose,166,166,0
Funky Lab Rat,0,0,0
Furmins,0,0,0
Galaga Legions DX,0,0,0
Gatling Gears,1927,1927,0
Gauntlet II,1363,1363,0
Geon,664,664,0
Germinator,2,2,0
Ghostbusters: Sanctum of Slime,0,0,0
Giana Sisters: Twisted Dreams,302,302,0
Girl and Dragon: Illusion Beast Contract Cryptract,0,0,0
Girl Fight,729,729,0
Go! Puzzle,5766,5766,0
God Mode,1896,1896,0
Golden Axe,3210,3210,0
Goosebumps: The Game,3613,3613,0
Gotham City Impostors,61,61,0
Gravity Crash,2740,2740,0
Greed Corp,137,137,0
GripShift,4221,4221,0
Groovin' Blocks,0,0,0
GTI Club+: Rally Côte d'Azur,0,0,0
Guacamelee!,327,327,0
Guardians of Middle-earth,6817,6817,0
Gundam Battle Operation NEXT,53,53,0
Gunstar Heroes,193,193,0
Hamsterball,2970,2970,0
Hard Corps: Uprising,83,83,0
Hatsune Miku: Project DIVA Dreamy Theater,0,0,0
Hatsune Miku: Project DIVA Dreamy Theater 2nd,0,0,0
Hatsune Miku: Project DIVA Dreamy Theater Extend,0,0,0
Heavy Weapon,1360,1360,0
Hell Yeah! Wrath of the Dead Rabbit,0,0,0
High Stakes on the Vegas Strip: Poker Edition,0,0,0
HOARD,1036,1036,0
How to Survive,904,904,0
Hunter's Trophy 2: America,0,0,0
Hunter's Trophy 2: Australia,0,0,0
Hustle Kings,17771,17771,0
Hydrophobia Prophecy,1,1,0
I Am Alive,1391,1391,0
Ikki Online,34,34,0
iM@s Channel,34,34,0
In Space We Brawl,2606,2606,0
International Snooker 2012,0,0,0
Interpol: The Trail of Dr. Chaos,0,0,0
Invokers Tournament,203,203,0
Invincible Tiger: The Legend of Han Tao,0,0,0
Invizimals: Hidden Challenges,0,0,0
Ion Assault HD,7,7,0
Izle,101,101,0
JAM Live Music Arcade,199,199,0
Jeremy McGrath's Offroad,0,0,0
Jet Set Radio,1434,1434,0
Jikkyou Powerful Pro Yakyuu Championship 2017,0,0,0
Jikkyou Powerful Pro Yakyuu: Success Special,0,0,0
Joe Danger,2954,2954,0
Joe Danger 2: The Movie,81,81,0
JoJo's Bizarre Adventure HD Ver.,0,0,0
Joust,10261,10261,0
Judge Dee: The City God Case,0,0,0
Juju,37275,37275,0
Karateka,466,466,0
Kick-Ass: The Game,8747,8747,0
Kite Fight,3967,3967,0
Knytt Underground,9,9,0
Krinkle Krusher,57,57,0
Kung Fu Rabbit,146,146,0
Labyrinth Legends,776,776,0
Landit Bandit,0,0,0
Lara Croft and the Guardian of Light,305,305,0
Lead and Gold: Gangs of the Wild West,6276,6276,0
Learning with The PooYoos: Episode 1,0,0,0
Learning with The PooYoos: Episode 2,0,0,0
The Legend of Heroes: Akatsuki no Kiseki,0,0,0
Lemmings,5805,5805,0
Level 22,3078,3078,0
Linger in Shadows,2130,2130,0
LocoRoco Cocoreccho,0,0,0
Lone Survivor: The Director's Cut,94,94,0
Luftrausers,14,14,0
Lumines Supernova,0,0,0
Mad Dog II: The Lost Gold,103,103,0
Mad Dog McCree,61,61,0
Mad Riders,8437,8437,0
Madden NFL Arcade,291,291,0
Magic Orbz,0,0,0
Magic: The Gathering – Duels of the Planeswalkers,6,6,0
Magic: The Gathering – Duels of the Planeswalkers 2012,1,1,0
Magic: The Gathering – Duels of the Planeswalkers 2013,7,7,0
Magical Beat,9238,9238,0
Magrunner: Dark Pulse,56,56,0
Mahjong Tales: Ancient Wisdom,0,0,0
Mahjong World,399,399,0
Mahjong World W,394,394,0
Mainichi Issho,0,0,0
Malicious,5136,5136,0
Mamorukun Curse!,15,15,0
Mars: War Logs,1108,1108,0
Marvel Pinball,387,387,0
Marvel vs. Capcom 2,822,822,0
Masquerade: The Baubles of Doom,0,0,0
Master Reboot,4153,4153,0
Matt Hazard: Blood Bath and Beyond,0,0,0
Max & the Magic Marker: Gold Edition,4,4,0
Mega Man 9,2480,2480,0
Mega Man 10,1312,1312,0
Mercury Hg,103,103,0
MicroBot,560,560,0
Might & Magic: Clash of Heroes HD,65,65,0
Might & Magic: Duel of Champions – Forgotten Wars,1114,1114,0
MilitAnt,685,685,0
Military Madness: Nectaris,0,0,0
Minnya no Putter Golf,0,0,0
Mix Superstar,1194,1194,0
MLB The Show: Home Run Derby,7,7,0
Mobile Suit Gundam: Battle Operation,43,43,0
Monochrono,1,1,0
Monopoly Deal,2768,2768,0
Monster Jam Battlegrounds,27,27,0
Monster World IV,7614,7614,0
Moon Diver,607,607,0
Mortal Kombat II,518,518,0
Motorbike,8257,8257,0
MotorStorm: RC,26,26,0
Mountain Crime: Requital,3,3,0
MouseCraft,4460,4460,0
Ms. Germinator,0,0,0
Murasaki Mist,0,0,0
My Aquarium,1086,1086,0
Mystik Belle,499,499,0
Narco Terror,15,15,0
Naughty Bear: Panic in Paradise,0,0,0
NBA 2K10 Draft Combine,0,0,0
NBA Jam: On Fire Edition,107,107,0
NBA Unrivaled,104,104,0
NFL Blitz,2728,2728,0
Nights into Dreams...,1321,1321,0
Nobunaga no Yabou Online: Yuushi no Shou,0,0,0
Noby Noby Boy,0,0,0
Nucleus,1859,1859,0
Numblast/Qruton,0,0,0
Oddworld: Munch's Oddysee HD,1,1,0
Oddworld: Stranger's Wrath HD,1,1,0
Okabu,0,0,0
Onimusha Soul,137,137,0
Orc Attack: Flatulent Rebellion,0,0,0
Outland,2178,2178,0
OutRun Online Arcade,946,946,0
Pac-Man Championship Edition DX,169,169,0
PachiPara DL Hyper Sea Story In Karibu,0,0,0
Page Chronica,0,0,0
Papo & Yo,34,34,0
Paranormal Pursuit: The Gifted One,3,3,0
Peggle,309,309,0
Penny Arcade Adventures: On the Rain-Slick Precipice of Darkness Episode One,1,1,0
Penny Arcade Adventures: On the Rain-Slick Precipice of Darkness Episode Two,0,0,0
Pid,3622,3622,0
Pier Solar HD,19,19,0
Pinballistik,0,0,0
PixelJunk Eden,85,85,0
PixelJunk Monsters,302,302,0
PixelJunk Racers,281,281,0
PixelJunk Racers 2nd Lap,0,0,0
PixelJunk Shooter,284,284,0
PixelJunk Shooter 2,287,287,0
PixelJunk SideScroller,70,70,0
Piyotama,0,0,0
Planet Minigolf,1335,1335,0
Planets Under Attack,2964,2964,0
Plants vs. Zombies,4475,4475,0
PlayStation Move Ape Escape,10,10,0
Poker Night 2,1805,1805,0
Polar Panic,9097,9097,0
Pool Nation,1644,1644,0
Power Pro Stadium,2080,2080,0
PowerUp Forever,2950,2950,0
Premier Manager,16086,16086,0
Prince of Persia Classic,201,201,0
Pro Foosball,19,19,0
Proteus,1251,1251,0
Psych Yourself,5209,5209,0
Puzzle Agent,1140,1140,0
Puzzle Chronicles,477,477,0
Puzzle Dimension,1146,1146,0
Puzzle Quest: Challenge of the Warlords – Revenge of the Plague Lord,0,0,0
Puzzle Quest: Galactrix,0,0,0
Puzzlegeddon,0,0,0
Q*Bert,0,0,0
Qlione Evolve,0,0,0
Quantum Conundrum,340,340,0
Quizball Goal,0,0,0
R.I.P.D. Rest in Peace Department the Game,0,0,0
Rag Doll Kung Fu: Fists of Plastic,0,0,0
Rampage World Tour,711,711,0
Rampart,1420,1420,0
RayStorm HD,62141,62141,0
Real Steel,3619,3619,0
Realms of Ancient War,2824,2824,0
Red Baron Arcade,11,11,0
Red Faction: Battlegrounds,74,74,0
Red Johnson's Chronicles,29,29,0
Red Johnson's Chronicles – One Against All,27,27,0
Renegade Ops,689,689,0
Retro City Rampage/Retro City Rampage: DX,132,132,0
Retro/Grade,193,193,0
Revenant Saga,1511,1511,0
Revenge of the Wounded Dragons,622,622,0
Ricochet HD,11,11,0
Risk: Factions,9922,9922,0
Robot Rescue Revolution,57,57,0
Rochard,104,104,0
Rock Band Blitz,487,487,0
Rock of Ages,1615,1615,0
Rocketbirds: Hardboiled Chicken,22,22,0
Rocketmen: Axis of Evil,0,0,0
Rotastic,0,0,0
Rush'n Attack: Ex-Patriot,1,1,0
Rust Buccaneers,4,4,0
Sackboy's Prehistoric Moves,0,0,0
Sacra Terra: Kiss of Death,1,1,0
Sacred Citadel,525,525,0
Sam & Max Beyond Time and Space,116,116,0
Sam & Max: The Devil's Playhouse,105,105,0
Sanctum 2,1067,1067,0
Sangokushi 12 Taisenban,0,0,0
Savage Moon,456,456,0
Scarygirl,129,129,0
Scott Pilgrim vs. the World: The Game,36,36,0
Scourge: Outbreak,826,826,0
Sega Bass Fishing,104,104,0
Sega Rally Online Arcade,31,31,0
Serious Sam 3: BFE,110,110,0
Shake Spears!,5455,5455,0
Shank,17729,17729,0
Shank 2,3264,3264,0
Shiki-Tei,0,0,0
Shoot Many Robots,3180,3180,0
Sideway: New York,11466,11466,0
Sine Mora,221,221,0
Skullgirls/Skullgirls Encore,299,299,0
Sky Diving,2059,2059,0
Sky Fighter,1165,1165,0
Skydive: Proximity Flight,0,0,0
SkyDrift,5281,5281,0
Slender: The Arrival,251,251,0
Snakeball,0,0,0
Snark Busters: High Society,1,1,0
Snowy: Treasure Hunter,0,0,0
Sonic Adventure,510,510,0
Sonic Adventure 2,485,485,0
Sonic CD,609,609,0
Sonic the Fighters,273,273,0
Sonic the Hedgehog 2,1212,1212,0
Sonic the Hedgehog 4: Episode I,134,134,0
Sonic the Hedgehog 4: Episode II,65,65,0
Soulcalibur II HD Online,1,1,0
Soulcalibur: Lost Swords,12,12,0
Space Ace,723,723,0
Space Channel 5: Part 2,402,402,0
Space Hulk,1227,1227,0
Space Invaders Infinity Gene,0,0,0
Spare Parts,1709,1709,0
Sparkle 2,786,786,0
Sparkle Unleashed,145,145,0
Spartacus Legends,133,133,0
Spelunker Black,83,83,0
Spelunker HD,17,17,0
Splice,526,526,0
Stacking,1705,1705,0
Star Ocean: The Second Story,2619,2619,0
Star Raiders,1194,1194,0
Star Trek DAC,0,0,0
Star Wars Pinball,405,405,0
StarDrone,6606,6606,0
Starlight Inception,0,0,0
Starwhal,111,111,0
Stealth Inc: A Clone in the Dark,31,31,0
Stealth Inc 2: A Game of Clones,142,142,0
Street Fighter III: 3rd Strike Online Edition,50,50,0
Streets of Rage 2,4242,4242,0
Strength of the Sword 3,2133,2133,0
Strong Bad's Cool Game for Attractive People,591,591,0
Super Hang-On,2783,2783,0
Super Puzzle Fighter II Turbo HD Remix,12,12,0
Super Rub 'a' Dub,0,0,0
Super Stacker,118,118,0
Super Stardust HD,60,60,0
Super Street Fighter II Turbo HD Remix,31,31,0
Superfrog HD,54,54,0
Supersonic Acrobatic Rocket-Powered Battle-Cars,0,0,0
Swarm,4995,4995,0
Switchball,22,22,0
Swords & Soldiers,687,687,0
Söldner-X: Himmelsstürmer,0,0,0
Söldner-X 2: Final Prototype,0,0,0
Tabletop Cricket,0,0,0
Tales from Space: About a Blob,34,34,0
Tales from Space: Mutant Blobs Attack,20,20,0
Tales of Monkey Island,974,974,0
Tecmo Bowl Throwback,0,0,0
Teenage Mutant Ninja Turtles: Out of the Shadows,157,157,0
Teenage Mutant Ninja Turtles: Turtles in Time Re-Shelled,0,0,0
Tekken 5: Dark Resurrection,0,0,0
Tekken Revolution,200,200,0
TerRover,3,3,0
TestYourself: Psychology,2346,2346,0
Tetris HD,253,253,0
The Baconing,78,78,0
The Bit.Trip,1665,1665,0
The Bluecoats: North vs South,0,0,0
The Cave,975,975,0
The Fancy Pants Adventures,290,290,0
The Hole Story,7174,7174,0
The House of the Dead III,706,706,0
The House of the Dead 4,1477,1477,0
The Last Bounty Hunter,19100,19100,0
The Legend of Korra,1542,1542,0
The Pinball Arcade,1732,1732,0
The Price Is Right: Decades,2305,2305,0
The Punisher: No Mercy,640,640,0
The Revenge of Shinobi,671,671,0
The Simpsons Arcade Game,617,617,0
The Treasures of Montezuma 4,236,236,0
The UnderGarden,13025,13025,0
Thexder Neo,0,0,0
Thunder Wolves,1026,1026,0
Time Machine: Rogue Pilot,6404,6404,0
Tiny Token Empires,45,45,0
TNT Racers,31,31,0
ToeJam & Earl,306,306,0
ToeJam & Earl in Panic on Funkotron,35,35,0
Toki Tori,260,260,0
Tony Hawk's Pro Skater HD,53,53,0
Top Darts,3155,3155,0
Top Trumps Turbo,295,295,0
Toy Home,5484,5484,0
Trash Panic,6505,6505,0
Treasures of Montezuma: Arena,102,102,0
Trine,326,326,0
Trine 2,337,337,0
Tumble,4024,4024,0
TV Show King,5648,5648,0
Twisted Lands: Shadow Town,971,971,0
Ugly Americans: Apocalypsegeddon,0,0,0
Under Siege,1675,1675,0
Unearthed: Trail of Ibn Battuta,0,0,0
Unmechanical: Extended Edition,121,121,0
Vandal Hearts: Flames of Judgment,0,0,0
Vessel,1359,1359,0
Virtua Fighter 2,342,342,0
Virtua Fighter 5 Final Showdown,93,93,0
Virtual On: Cyber Troopers,37,37,0
Voltron: Defender of the Universe,381,381,0
Voodoo Chronicles: The First Sign,0,0,0
Voodoo Dice,126,126,0
Wanted Corp,1725,1725,0
Warlords,804,804,0
Warp,3176,3176,0
Weekly Toro Station,0,0,0
Weird Park: The Final Show,1387,1387,0
Wheels of Destruction: World Tour,36,36,0
Whitetail Challenge,3,3,0
Wild Season,4311,4311,0
Wizardry: Labyrinth of Lost Souls,52,52,0
Wizardry: Prisoners of the Lost City,0,0,0
Wizardry: Torawareshi Bourei no Machi,0,0,0
Wolf of the Battlefield: Commando 3,26,26,0
Wolfenstein 3D,3799,3799,0
Wonder Boy in Monster Land,3774,3774,0
Wonder Boy in Monster World,11889,11889,0
World Hunter,1796,1796,0
Worms Crazy Golf,316,316,0
Worms Revolution,337,337,0
WRC Powerslide,0,0,0
Wrecked: Revenge Revisited,0,0,0
X-Men,1285,1285,0
Yummy Circus,7,7,0
Zack Zero,221,221,0
Zen Pinball,1591,1591,0
Zen Pinball 2,1586,1586,0
Zeno Clash II,105,105,0
Zombeer,11,11,0
Zombie Apocalypse,35080,35080,0
Zombie Apocalypse: Never Die Alone,238,238,0
Zombie Driver HD,537,537,0
#Breakforcist Battle,0,0,0
0000,129,129,0
1-2-Switch,1259,1259,0
10 Second Run Returns,4618,4618,0
12 is Better Than 6,908,908,0
1943 Deadly Desert,2,2,0
1944 Burning Bridges,101,101,0
2064: Read Only Memories Integral,0,0,0
36 Fragments of Midnight,123,123,0
3D MiniGolf,683,683,0
60 Seconds!,769,769,0
6180 the moon,5,5,0
7 Billion Humans,6072,6072,0
88 Heroes: 98 Heroes Edition,157,157,0
9 Monkeys of Shaolin,210,210,0
90s Super GP,2837,2837,0
99Moves,0,0,0
99Seconds,9,9,0
A-Kei Otaku,0,0,0
Above,139,139,0
Abyssrium,2134,2134,0
Access Denied,37435,37435,0
Ace of Seafood,27,27,0
Aces of the Luftwaffe: Squadron,262,262,0
Acorn Tactics,143,143,0
The Adventures of Bertram Fiddle - Episode 1: A Dreadly Business,0,0,0
Aftercharge,68,68,0
Air Hockey,7073,7073,0
Air Mail,5169,5169,0
Aka to Blue: type S,4755,4755,0
Alchemic Dungeons DX,19,19,0
Alien Cruise,1001,1001,0
Alien Escape,3375,3375,0
Almost There: The Platformer,4126,4126,0
Alteric,2,2,0
Alternate Jake Hunter: Daedalus The Awakening of Golden Jazz,41,41,0
Alwa’s Awakening,84,84,0
Ambition of the Slimes,45,45,0
American Ninja Warrior Challenge,188,188,0
Among the Sleep: Enhanced Edition,101,101,0
Ancient Rush 2,11015,11015,0
Animal Crossing,10810,10810,0
Animal Rivals,1432,1432,0
Animated Jigsaws: Beautiful Japanese Scenery,1,1,0
Animated Jigsaws: Japanese Women,64,64,0
Animus: Stand Alone,63,63,0
Anniversary Collection: Arcade Classics,2558,2558,0
Another Eden,3588,3588,0
Another Lost Phone: Laura's Story,71,71,0
Another Sight,2433,2433,0
Another World,220,220,0
Ape Out,1010,1010,0
Aperion Cyberstorm,73,73,0
Apocryph: An Old-School Shooter,24,24,0
Aqua Kitty UDX,0,0,0
Aragami: Shadow Edition,180,180,0
Arena of Valor,788,788,0
Arms,261,261,0
Assault Android Cactus+,386,386,0
Asterix & Obelix XXL 2,0,0,0
Asterix & Obelix XXL 3,2,2,0
Astral Chain,1703,1703,0
Astro Bears Party,57,57,0
Astro Duel Deluxe,10,10,0
At Sundown: Shots in the Dark,835,835,0
Atelier Lulua: The Scion of Arland,82,82,0
Atelier Lydie & Suelle: The Alchemists and the Mysterious Paintings,6,6,0
Atomicrops,733,733,0
Atomik: RunGunJumpGun,0,0,0
Atomine,2,2,0
Avabel Online,2,2,0
Awesome Pea,5580,5580,0
Ayakashi Koi Gikyoku: Forbidden Romance with Mysterious Spirit,0,0,0
Azure Reflections,369,369,0
Azure Saga: Pathfinder Deluxe Edition,198,198,0
Azure Striker Gunvolt: Striker Pack,65,65,0
Baba is You,226,226,0
BackSlash,4436,4436,0
Bad Dream: Fever,6169,6169,0
BAFL: Brakes Are for Losers,28,28,0
Banner of the Maid,1157,1157,0
Baobabs Mausoleum Ep.1: Ovnifagos Don't Eat Flamingos,2,2,0
Bard's Gold,12597,12597,0
Baseball Riot,2088,2088,0
Bass Pro Shops: The Strike Championship Edition,6,6,0
Battery Jam,811,811,0
Battlezone: Gold Edition,13,13,0
Battle Princess Madelyn,62,62,0
Battlloon,0,0,0
Bayonetta 2,2084,2084,0
Bayonetta 3,2210,2210,0
Beach Buggy Racing,434,434,0
Bear With Me,3187,3187,0
Beat Cop,8572,8572,0
Bee Simulator,123,123,0
Beyblade Burst: Battle Zero,8,8,0
Big Buck Hunter Arcade,760,760,0
Bike Rider DX,90,90,0
Billion Road,1583,1583,0
The Binding of Isaac: Afterbirth+,217,217,0
Bingo,5857,5857,0
Birushanah Senki: Genpeiden,0,0,0
Bit Boy! Arcade Deluxe,30,30,0
Bit Dungeon Plus,971,971,0
Black Bird,3866,3866,0
Black Future '88,1445,1445,0
Black Hole,645,645,0
Blacksad: Under the Skin,0,0,0
Blacksea Odyssey,76,76,0
Blasphemous,1785,1785,0
Blaster Master Zero,727,727,0
Blaster Master Zero 2,706,706,0
Bleep Bloop,42206,42206,0
BlobCat,1306,1306,0
Bloodroots,647,647,0
Bloodstained: Curse of the Moon,1416,1416,0
Bloody Zombies,4689,4689,0
Blossom Tales: The Sleeping King,723,723,0
Bokube,0,0,0
Bomb Chicken,1235,1235,0
BombFall,9346,9346,0
Bombing Busters,64,64,0
Bombslinger,117,117,0
Bonds of the Skies,26335,26335,0
Boost Beast,2832,2832,0
Bow to Blood: Last Captain Standing,1185,1185,0
BoxBoy! + BoxGirl!,0,0,0
BQM: BlockQuest Maker,0,0,0
Brave Dungeon + Dark Witch's Story: Combat,0,0,0
Braveland Trilogy,123,123,0
Brawlhalla,2992,2992,0
Broken Age,1288,1288,0
The Bunker,1110,1110,0
Cabela's: The Hunt Championship Edition,53,53,0
Cadence of Hyrule,14045,14045,0
Captain StarOne,3510,3510,0
Captain Toad: Treasure Tracker,4169,4169,0
Car Mechanic Simulator,383,383,0
Castle Crashers Remastered,8977,8977,0
Castle of Heart,1724,1724,0
Castlevania Anniversary Collection,3329,3329,0
Cat Quest II: The Lupine Empire,0,0,0
Caterpillar Royale,15,15,0
Cave Story+,2780,2780,0
Caveblazers,503,503,0
Caveman Warriors,49,49,0
Cecile,687,687,0
Cendrillon palikA,0,0,0
Champion Jockey Special,1,1,0
The Charming Empire,3140,3140,0
Chicken Assassin: Reloaded,22,22,0
Chicken Range,20910,20910,0
Chiki-Chiki Boxy Racers,0,0,0
Chocobo’s Mystery Dungeon Every Buddy!,168,168,0
Choju Giga Wars,0,0,0
Cinders,3519,3519,0
City of Brass,7266,7266,0
Civilization VI,829,829,0
Claws of Furry,3222,3222,0
Clock Zero ~Shuuen no Ichibyou~ Devote,0,0,0
Clouds & Sheep 2,889,889,0
Closed Nightmare,3494,3494,0
ClusterPuck99,1,1,0
Code of Princess EX,901,901,0
The Coma: Recut,180,180,0
Conga Master Party!,19,19,0
Contra Anniversary Collection,4149,4149,0
Cosmos Defenders,6118,6118,0
Crash Team Racing Nitro Fueled,1263,1263,0
Crayola Scoot,365,365,0
Crazy Justice,4332,4332,0
Creature in the Well,4905,4905,0
Croixleur Sigma,264,264,0
Crystal Crisis,912,912,0
Cube Creator X,1536,1536,0
Cuphead,8772,8772,0
Cursed Castilla,101,101,0
D/Generation HD,1,1,0
Daemon X Machina,833,833,0
Daggerhood,72,72,0
Daitoshokan no Hitsujikai: Library Party,0,0,0
Damascus Gear: Operation Tokyo,67,67,0
Danmaku Unlimited 3,39,39,0
Dark Souls: Remastered,3713,3713,0
The Darkside Detective,119,119,0
Darkwood,1080,1080,0
Dawn of the Breakers,838,838,0
De Blob 2,1659,1659,0
De Mambo,122,122,0
Dead End Job,3091,3091,0
Dead or Alive Xtreme 3: Scarlet,282,282,0
Dear My Abyss,942,942,0
Death Mark,5290,5290,0
Death Road to Canada,1890,1890,0
Deathstate,0,0,0
Debris Infinity,379,379,0
Decay of Logos,307,307,0
Deemo,498,498,0
Deep Ones,320,320,0
The Deer God,4693,4693,0
Dei Gratia no Rashinban,0,0,0
The Demon Crystal,961,961,0
Derby Stallion,24,24,0
Deru: The Art of Cooperation,0,0,0
Desert Child,8496,8496,0
 Detective Case and Clown Bot: Murder In Hotel Lisbon,107,107,0
 Detective Case and Clown Bot: The Express Killer,5,5,0
Detective Gallo,366,366,0
Detention,18156,18156,0
Devil Engine,2889,2889,0
Devious Dungeon,2687,2687,0
Diablo III: Eternal Collection,3442,3442,0
Dies irae: Amantes amentes,4,4,0
Diluvion,114,114,0
Dimension Drive,2576,2576,0
Disease: Hidden Object,1309,1309,0
Disney Tsum Tsum Festival,30,30,0
Don't Knock Twice,9825,9825,0
Donkey Kong Country: Tropical Freeze,486,486,0
Doom & Destiny,718,718,0
Doraemon: Nobita no Bokujou Monogatari,0,0,0
Double Cross,6096,6096,0
Double Dragon IV,7179,7179,0
Double Kick Heroes,3625,3625,0
DragoDino,0,0,0
Dragon Marked for Death,4938,4938,0
Dragon Quest XI,1422,1422,0
Dragon Sinker: Descendents of Legend,0,0,0
DragonFangZ: The Rose & Dungeon of Time,0,0,0
Draw a Stickman: Epic 2,130,130,0
Dream Alone,4485,4485,0
A Duel Hand Disaster: Trackher,0,0,0
Dungeon Rushers,307,307,0
Dungeon of Zaar,0,0,0
Dungeons & Aliens,345,345,0
Dusty Raging Fist,58,58,0
Dying: Reborn,8515,8515,0
Dynamite Fishing: World Games,156,156,0
Dysmantle,3,3,0
Eat All the Things,524,524,0
Eat Beat Deadspike-san,0,0,0
The Elder Scrolls: Legends,3449,3449,0
Elevator...to the Moon! Turbo Champion's Edition,9,9,0
Elli,8326,8326,0
Embers of Mirrim,0,0,0
Enchanting Mahjong Match,63,63,0
Energy Balance,6653,6653,0
Energy Cycle,2436,2436,0
Energy Invasion,15903,15903,0
Epic Loon,156,156,0
Escape Trick: 35 Fateful Enigmas,59,59,0
Estiman,52,52,0
Eternum,6575,6575,0
Etherborn,1210,1210,0
European Conqueror X,321,321,0
Eve: Burst Error R,121,121,0
Evoland: Legendary Edition,13,13,0
Exorder,80,80,0
Fairune Collection,48,48,0
The Fall Part 2: Unbound,348,348,0
Fall of Light: Darkest Edition,108,108,0
Fallen Legion: Rise to Glory,16,16,0
Fallout Shelter,3043,3043,0
Fantasy Hero: Unsigned Legacy,0,0,0
Farm Expert 2018,2128,2128,0
Farmers Dynasty,582,582,0
Farming Simulator,1786,1786,0
Fast RMX,504,504,0
Fear Effect Reinvented,0,0,0
Fear Effect Sedna,574,574,0
Final Fantasy XV: Pocket Edition,227,227,0
Final Fantasy: Crystal Chronicles Remastered Edition,96,96,0
Fire Emblem: Three Houses,2686,2686,0
Fire Emblem Warriors,5216,5216,0
The First Tree,1137,1137,0
Fishing Star World Tour,240,240,0
Fishing Universe Simulator,275,275,0
Fitness Boxing,1374,1374,0
Flat Heroes,1074,1074,0
Flip Wars,2114,2114,0
Floor Kids,6643,6643,0
Fly O'Clock,514,514,0
Food Truck Tycoon,42,42,0
Football Manager Touch 2018,66,66,0
Football Manager Touch 2019,483,483,0
Forager,3390,3390,0
The Forbidden Arts,8414,8414,0
Forsaken Castle,225,225,0
Fortnite Battle Royale,4888,4888,0
Fossil Hunters,396,396,0
Fox N Forests,1393,1393,0
Framed Collection,2356,2356,0
Frederic: Resurrection of Music,78,78,0
Frederic 2: Evil Strikes Back,66,66,0
Freecell Battle King,221,221,0
The Friends of Ringo Ishikawa,166,166,0
FruitFall Crush,258,258,0
Frutakia 2,0,0,0
FullBlast,2248,2248,0
Fuga on the Battlefield,0,0,0
Fun! Fun! Animal Park,4333,4333,0
FunBox Party,11743,11743,0
Gal Metal,4590,4590,0
Galak-Z: Variant S,15,15,0
Garage,372,372,0
Gato Roboto,44,44,0
Gear.Club Unlimited,304,304,0
Gear.Club Unlimited 2,307,307,0
Gekido: Kintaro's Revenge,190,190,0
Gelly Break,8,8,0
Geminose: Animal Popstars,0,0,0
Gems of War,1199,1199,0
Gensou Kissa Enchante,0,0,0
GetAmped Mobile,237,237,0
Ghost 1.0,127,127,0
Ghoulboy: Dark Sword of Goblin,0,0,0
Gigantic Army,1531,1531,0
Ginger: Beyond the Crystal,5,5,0
Ginsei Shogi: KyoutenDotou FuRaiJin,0,0,0
Glaive: Brick Breaker,59,59,0
Glass Masquerade,800,800,0
Gnomes Garden: New Home,210,210,0
Go Vacation,1665,1665,0
Goat Simulator: The GOATY,123,123,0
Gods Remastered,842,842,0
Goetia,623,623,0
The Golf,1300,1300,0
Golf Peaks,2585,2585,0
Golf Story,2547,2547,0
Gonner,194,194,0
Gorogoa,314,314,0
Gorsd,0,0,0
Gotcha Racing 2nd,0,0,0
Gotouchi Tetsudou,0,0,0
Grand Prix Rock 'N Racing,57,57,0
Grandia Remastered,7,7,0
Grandia II Remastered,7,7,0
Grave Danger,2951,2951,0
Green Game: TimeSwapper,12,12,0
Grid Autosport,108,108,0
Grid Mania,380,380,0
Gris,853,853,0
Guilt Battle Arena,97,97,0
Gunhouse,23,23,0
Gunman Clive HD Collection,188,188,0
Gunvolt Chronicles: Luminous Avenger iX,0,0,0
Hakuoki Shinkai: Gekikage no Shou,0,0,0
Hakuoki Shinkai: Ginsei no Shou,0,0,0
Hammerwatch,355,355,0
Hard West: Complete Edition,456,456,0
Hazelnut Bastille,55,55,0
Hell Warders,234,234,0
Hello Neighbor,3504,3504,0
Hello Neighbor: Hide and Seek,283,283,0
Hellpoint,274,274,0
Heroes of the Monkey Tavern,261,261,0
Heroes Trials,2282,2282,0
Hex Gambit,197,197,0
Hexologic,9,9,0
Hiragana Pixel Party,18,18,0
A Hole New World,19635,19635,0
Hollow,753,753,0
Hollow Knight: Silksong,1028,1028,0
Holy Potatoes! A Weapon Shop?!,311,311,0
Holy Potatoes! What the Hell?!,284,284,0
Hook,665,665,0
Hot Springs Story,12624,12624,0
Hototogisu Tairan 1553: Ryuuko Aiutsu,0,0,0
Human Resource Machine,1869,1869,0
Huntdown,0,0,0
Hyper Sentinel,288,288,0
Hyper Sports R,378,378,0
Hyrule Warriors,1837,1837,0
I Am the Hero,2007,2007,0
I Hate Running Backwards,12315,12315,0
I wanna fly,1509,1509,0
Ice Cream Surfer,41,41,0
Implosion: Never Lose Hope,151,151,0
The Infectious Madness of Doctor Dekker,303,303,0
Infernium,104,104,0
Inksplosion,42,42,0
Inmost,2053,2053,0
The Inner World: The Last Wind Monk,585,585,0
InnerSpace,5274,5274,0
Inops,89,89,0
Into the Breach,5081,5081,0
Inversus Deluxe,8,8,0
Ion Maiden,479,479,0
Ira,1569,1569,0
Iro Hero,0,0,0
Ise Shima Mystery Guide: The False Black Pearl,0,0,0
Islabomba,0,0,0
Island Flight Simulator,175,175,0
It's Spring Again,1242,1242,0
Ittle Dew 2+,135,135,0
Jang-Navi Mahjong Online,0,0,0
J.B. Harold Murder Club,0,0,0
Jettomero: Hero of the Universe,0,0,0
Johnny Turbo's Arcade: Bad Dudes,0,0,0
Johnny Turbo's Arcade: Gate of Doom,0,0,0
The Journey Down Trilogy,19190,19190,0
Juicy Realm,841,841,0
Jumping Joe & Friends,47427,47427,0
Jurassic Pinball,230,230,0
Just Shapes & Beats,3109,3109,0
Jydge,333,333,0
Kaet Must Die!,0,0,0
Kaiji: Steel Beam Crossing of Despair,0,0,0
Katamari Damacy Reroll,235,235,0
Katana Zero,8792,8792,0
Keep Talking and Nobody Explodes,624,624,0
Keiji J.B. Harold no Jikenbo: Manhattan Requiem,0,0,0
Kemono Heroes,69,69,0
Kentucky Route Zero: TV Edition,13,13,0
Kid Tripp,41,41,0
Killer Queen Black,5389,5389,0
The King's Bird,7047,7047,0
Kirby Star Allies,2358,2358,0
Kitten Squad,152,152,0
Knight Terrors,605,605,0
A Knight's Quest,2226,2226,0
KnightOut,1438,1438,0
Knights of Pen and Paper +1 Deluxier Edition,0,0,0
Koi DX,11,11,0
Labyrinth of Refrain: Coven of Dusk,375,375,0
Landflix Odyssey,0,0,0
Last Encounter,2067,2067,0
Layers of Fear: Legacy,109,109,0
Layton's Mystery Journey: Katrielle and the Millionaires' Conspiracy,32,32,0
League of Evil,3037,3037,0
Legend of Kay,2208,2208,0
The Legend of Bum-bo,0,0,0
The Legend of Zelda: Breath of the Wild,20666,20666,0
The Legend of Zelda: Link's Awakening,1851,1851,0
Lego The Incredibles,515,515,0
Leif's Adventure: Netherworld Hero,0,0,0
Letter Quest Remastered,275,275,0
L.F.O.: Lost Future Omega,0,0,0
The Liar Princess and the Blind Prince,110,110,0
Lichtspeer: Double Speer Edition,6,6,0
Light Fall,1815,1815,0
Light Fingers,6151,6151,0
Lightseekers,258,258,0
Little Dragons Café,846,846,0
Little Friends: Dogs & Cats,10796,10796,0
Little Inferno,1441,1441,0
Little Shopping,9884,9884,0
Little Triangle,1927,1927,0
Local Train,7206,7206,0
Lode Runner Legacy,24,24,0
The Long Reach,1033,1033,0
The Longest Five Minutes,3454,3454,0
The Lord of the Rings: Living Card Game,613,613,0
The Lost Child,3637,3637,0
The Lost Light of Sisu,0,0,0
LoverPretend,3554,3554,0
Lovers in a Dangerous Spacetime,6367,6367,0
Luigi’s Mansion 3,2226,2226,0
Mad Carnage,1179,1179,0
A Magical High-School Girl,4253,4253,0
Magic Scroll Tactics,896,896,0
The Mahjong,918,918,0
Mahjong Stories: Vampire Romance,13,13,0
Maid of Sker,2,2,0
